Name,dumpster,year,month,day,weight_tons,homes_powered,volume_cubic_yards,plastic_bottles,polystyrene,cigarette_butts,glass_bottles,plastic_bags,wrappers,sports_balls
Mrtrash,1,2014,May,16,4.31,72,18,1450,1820,126000,72,584,1162,7.199999999999999
Mrtrash,2,2014,May,16,2.74,46,13,1120,1030,91000,42,496,874,5.2
Mrtrash,3,2014,May,16,3.45,58,15,2450,3100,105000,50,1080,2032,6
Mrtrash,4,2014,May,17,3.1,52,15,2380,2730,100000,52,896,1971,6
Mrtrash,5,2014,May,17,4.06,68,18,980,870,120000,72,368,753,7.199999999999999
Mrtrash,6,2014,May,20,2.71,45,13,1430,2140,90000,46,672,1144,5.2
Mrtrash,7,2014,May,21,1.91,32,8,910,1090,56000,32,416,692,3.2
Mrtrash,8,2014,May,28,3.7,62,16,3580,4310,112000,58,1552,3015,6.4
Mrtrash,9,2014,Jun,05,2.52,42,14,2400,2790,98000,49,984,1988,5.6
Mrtrash,10,2014,Jun,11,3.76,63,18,1340,1730,130000,75,448,1066,7.199999999999999
Mrtrash,11,2014,Jun,11,3.43,57,15,740,869,110000,38,344,544,6
Mrtrash,12,2014,Jun,12,4.17,70,19,950,1140,133000,45,520,727,7.6
Mrtrash,13,2014,Jun,13,5.13,86,15,530,630,104000,58,224,361,6
Mrtrash,14,2014,Jun,13,4.17,70,15,840,760,100000,62,344,631,6
Mrtrash,15,2014,Jun,19,3.28,55,15,1130,1350,102000,64,432,883,6
Mrtrash,16,2014,Jun,19,3.05,51,15,1640,2130,106000,56,752,1327,6
Mrtrash,17,2014,Jun,28,2.49,42,13,1350,1620,89000,47,696,1075,5.2
Mrtrash,18,2014,Jul,03,2.54,42,15,1640,1960,108000,65,744,1327,6
Mrtrash,19,2014,Jul,07,2.41,40,15,1730,2100,107000,63,896,1405,6
Mrtrash,20,2014,Jul,11,3.83,64,18,5960,6540,132000,79,2560,5085,7.199999999999999
Mrtrash,21,2014,Jul,14,2.73,46,15,2170,2620,112000,32,1144,1788,6
Mrtrash,22,2014,Jul,15,4.4,73,16,1930,2210,115000,53,688,1579,6.4
Mrtrash,23,2014,Jul,15,2.79,47,14,3200,3840,98000,25,1464,2684,5.6
Mrtrash,24,2014,Jul,25,2.5,42,13,2500,3040,85000,18,1248,2075,5.2
Mrtrash,25,2014,Aug,04,4.39,73,16,2140,2050,118000,68,904,1762,6.4
Mrtrash,26,2014,Aug,04,5.33,89,17,1630,1950,123000,75,512,1318,6.8
Mrtrash,27,2014,Aug,13,3.58,60,20,3640,4360,141000,82,1560,3067,8
Mrtrash,28,2014,Aug,13,3.1,52,17,1430,1870,121000,63,552,1144,6.8
Mrtrash,29,2014,Aug,19,1.77,30,10,570,780,32000,21,310,1440,4
Mrtrash,30,2014,Sep,03,3.76,63,18,4800,3640,310000,110,1880,2200,7.199999999999999
Mrtrash,31,2014,Sep,24,1.24,21,8,550,860,18000,11,420,1040,3.2
Mrtrash,32,2014,Sep,26,3.14,52,15,2240,2880,112000,42,1200,1860,6
Mrtrash,33,2014,Oct,03,2.71,45,16,4220,4840,84000,38,1400,2140,6.4
Mrtrash,34,2014,Oct,09,2.11,35,14,1400,1650,80000,18,1450,2030,5.6
Mrtrash,35,2014,Oct,20,4.09,68,18,2820,3010,78000,7,990,1450,7.199999999999999
Mrtrash,36,2014,Oct,20,2.31,39,14,1900,2240,81000,22,840,1260,5.6
Mrtrash,37,2014,Oct,24,3.5,58,15,3650,3880,94000,51,1210,1840,6
Mrtrash,38,2014,Nov,06,2.7,45,15,760,1680,22000,18,960,1720,6
Mrtrash,39,2014,Nov,17,3.25,54,18,1250,2730,46000,28,1130,2340,7.199999999999999
Mrtrash,40,2014,Nov,20,3.84,64,15,880,1840,35000,14,730,1760,6
Mrtrash,41,2014,Nov,28,2.88,48,15,1800,3970,52000,32,560,1850,6
Mrtrash,42,2014,Dec,01,1.81,30,17,1370,3140,38000,28,950,1620,6.8
Mrtrash,43,2014,Dec,17,3.48,58,15,550,1450,22000,34,740,1280,6
Mrtrash,44,2014,Dec,30,3.18,53,15,640,1670,26000,42,880,1540,6
Mrtrash,45,2015,Jan,12,2.87,48,17,1160,2250,31000,60,1120,2450,7
Mrtrash,46,2015,Jan,23,2,33,14,1570,2400,33000,37,380,910,6
Mrtrash,47,2015,Jan,26,2.14,36,13,1340,2650,28000,46,430,1170,5
Mrtrash,48,2015,Feb,04,2.54,42,15,1740,2250,22000,38,320,980,3
Mrtrash,49,2015,Mar,09,3.82,64,18,2870,3240,25000,26,540,860,8
Mrtrash,50,2015,Mar,13,1.83,31,15,3120,5430,32000,54,650,1120,16
Mrtrash,51,2015,Mar,27,2.02,34,15,2780,4980,26000,47,470,960,14
Mrtrash,52,2015,Apr,08,2.5,42,18,2240,2360,27000,46,270,840,13
Mrtrash,53,2015,Apr,10,3.41,57,15,2550,3420,32000,32,320,1260,16
Mrtrash,54,2015,Apr,19,1.83,31,11,1470,1840,18000,22,240,680,8
Mrtrash,55,2015,Apr,20,3.84,64,18,1240,1630,23000,18,430,760,5
Mrtrash,56,2015,Apr,20,3.22,54,15,1150,1420,19000,16,370,590,8
Mrtrash,57,2015,Apr,20,3.03,50,15,2850,3160,18000,15,350,610,11
Mrtrash,58,2015,Apr,20,2.64,44,18,960,1280,22000,22,450,820,7
Mrtrash,59,2015,Apr,20,3.54,59,15,870,1140,18000,17,330,620,6
Mrtrash,60,2015,May,15,1.95,32,9,1340,2150,22000,16,190,530,8
Mrtrash,61,2015,May,17,4.25,71,18,2630,3480,38000,36,1240,1760,22
Mrtrash,62,2015,May,17,5.62,94,15,1850,3270,54000,44,970,1320,28
Mrtrash,63,2015,May,18,3.81,64,15,2830,3780,48000,28,650,1130,19
Mrtrash,64,2015,May,19,3.45,58,18,1740,2630,32000,16,820,1250,32
Mrtrash,65,2015,May,19,3.34,56,15,2780,3250,37000,32,1140,1960,24
Mrtrash,66,2015,Jun,01,2.54,42,15,1260,1830,56000,56,1230,2140,26
Mrtrash,67,2015,Jun,09,4.66,78,18,2340,3460,48000,42,1620,1840,36
Mrtrash,68,2015,Jun,09,3.39,57,15,3240,4360,33000,23,1430,1760,24
Mrtrash,69,2015,Jun,09,3.17,53,15,940,1220,35000,18,840,960,9
Mrtrash,70,2015,Jun,09,3.15,52,18,830,1150,37000,26,920,1050,16
Mrtrash,71,2015,Jun,09,3.83,64,15,960,1190,33000,22,730,940,22
Mrtrash,72,2015,Jun,10,4.78,80,15,870,1040,32000,24,820,960,17
Mrtrash,73,2015,Jun,10,3.85,64,18,920,1290,34000,26,930,1020,13
Mrtrash,74,2015,Jun,10,4.48,75,15,1130,1370,38000,29,1270,1450,14
Mrtrash,75,2015,Jun,10,4.18,70,15,1060,1250,37000,27,1340,1420,21
Mrtrash,76,2015,Jun,10,3.38,56,18,740,930,34000,19,1130,1340,15
Mrtrash,77,2015,Jun,10,3.83,64,15,950,1220,35000,21,1370,1430,13
Mrtrash,78,2015,Jun,12,3.95,66,15,2340,3250,65000,45,2730,3340,18
Mrtrash,79,2015,Jun,15,2.44,41,18,2660,3420,72000,37,2430,3170,16
Mrtrash,80,2015,Jun,18,2.85,48,15,2430,3120,68000,35,2370,2820,22
Mrtrash,81,2015,Jun,24,3.43,57,15,2690,3370,82000,29,1910,2180,32
Mrtrash,82,2015,Jun,24,4.28,71,18,1540,1780,45000,24,1830,1990,18
Mrtrash,83,2015,Jun,24,3.94,66,15,1240,1450,37000,31,1650,1780,21
Mrtrash,84,2015,Jun,28,3.38,56,15,2870,3560,68000,36,2140,2450,34
Mrtrash,85,2015,Jun,28,3.45,58,18,2450,3240,74000,41,2320,2750,19
Mrtrash,86,2015,Jun,29,3.93,66,15,1830,2240,36000,28,1630,2450,14
Mrtrash,87,2015,Jul,07,4.07,68,15,2360,3120,82000,32,1840,2950,22
Mrtrash,88,2015,Jul,08,3.03,50,18,2640,3520,68000,28,1460,2630,16
Mrtrash,89,2015,Jul,14,3.52,59,15,2840,3360,65000,41,1690,2580,25
Mrtrash,90,2015,Jul,14,3.51,58,15,2640,3120,76000,38,2130,2760,27
Mrtrash,91,2015,Jul,27,3.68,61,18,3070,4250,82000,26,1770,2540,18
Mrtrash,92,2015,Jul,29,3.4,57,15,2820,3740,75000,31,2400,2940,20
Mrtrash,93,2015,Aug,04,3.72,62,15,2640,3250,68000,26,1860,2730,17
Mrtrash,94,2015,Aug,18,1.84,31,9,870,980,34000,13,750,930,56
Mrtrash,95,2015,Aug,21,3,50,15,3220,3460,67000,36,2170,2450,32
Mrtrash,96,2015,Aug,25,4.33,72,18,1980,2190,48000,21,1600,1840,22
Mrtrash,97,2015,Aug,25,4.3,72,15,410,540,3000,16,250,330,6
Mrtrash,98,2015,Aug,26,3.39,57,15,640,780,32000,18,350,560,3
Mrtrash,99,2015,Sep,11,4.08,68,18,2730,3140,54000,45,2430,2680,17
Mrtrash,100,2015,Sep,11,3.62,60,15,1360,1570,26000,25,1420,1570,13
Mrtrash,101,2015,Sep,22,2.4,40,7,760,1030,24000,16,780,1340,12
Mrtrash,102,2015,Sep,30,4.24,71,18,1240,1460,46000,43,860,920,7
Mrtrash,103,2015,Sep,30,3.31,55,15,800,920,32000,26,270,450,8
Mrtrash,104,2015,Oct,12,2.9,48,15,2540,2780,42000,54,2230,3140,16
Mrtrash,105,2015,Oct,27,2.46,41,18,2130,2560,34000,43,1970,2430,23
Mrtrash,106,2015,Oct,31,2.89,48,15,2670,2820,36000,35,2450,2830,33
Mrtrash,107,2015,Nov,20,4.46,74,15,1940,2230,28000,47,2960,3320,27
Mrtrash,108,2015,Dec,02,3.42,57,18,2140,2570,19000,62,3100,3540,15
Mrtrash,109,2015,Dec,02,3.56,59,15,1960,2340,21000,56,3300,4120,21
Mrtrash,110,2015,Dec,23,1.92,32,12,1640,2150,32000,32,2430,2660,9
Mrtrash,111,2015,Dec,24,2.9,48,18,1850,2670,33000,36,2770,3240,13
Mrtrash,112,2015,Dec,26,3.24,54,15,2370,3240,24000,42,1830,2250,22
Mrtrash,113,2015,Dec,26,4.41,74,15,2530,3300,41000,47,2190,3540,17
Mrtrash,114,2015,Dec,26,3.39,57,18,2720,3690,23000,22,2520,3360,27
Mrtrash,115,2015,Dec,26,3.27,55,15,2250,3180,37000,63,2740,2840,8
Mrtrash,116,2016,Jan,10,3.6,60,15,3240,4160,28000,54,1360,2580,17
Mrtrash,117,2016,Feb,02,4.06,68,18,3530,4620,24000,62,1850,2210,14
Mrtrash,118,2016,Feb,03,2.11,35,15,2340,3870,31000,46,2130,2680,21
Mrtrash,119,2016,Feb,05,3.01,50,15,2460,3640,27000,38,1920,2390,26
Mrtrash,120,2016,Feb,17,3.41,57,18,1340,1680,24000,22,1530,1940,6
Mrtrash,121,2016,Feb,19,3.66,61,15,950,1120,21000,32,1370,1640,4
Mrtrash,122,2016,Feb,25,4.51,75,15,2240,3150,36000,46,2450,3140,16
Mrtrash,123,2016,Mar,01,2.89,48,18,3050,3270,29000,24,1740,2250,24
Mrtrash,124,2016,Mar,11,2.89,48,15,1630,1820,18000,37,2150,2390,23
Mrtrash,125,2016,Mar,12,2.51,42,15,1120,1460,17000,43,2270,2490,18
Mrtrash,126,2016,Mar,15,3.58,60,18,3340,3640,45000,48,3450,3740,46
Mrtrash,127,2016,Mar,29,3.41,57,15,3560,3740,43000,53,3320,3570,38
Mrtrash,128,2016,Apr,08,2.79,47,15,2460,3150,38000,46,3540,3840,24
Mrtrash,129,2016,Apr,30,4.21,70,18,3860,4240,47000,18,3200,3470,36
Mrtrash,130,2016,Apr,30,4.88,81,15,3230,3640,52000,27,3750,3940,42
Mrtrash,131,2016,Apr,30,4.47,74,15,3760,4150,45000,40,2840,3270,23
Mrtrash,132,2016,Apr,30,3.29,55,18,3640,3520,52000,33,2530,2940,34
Mrtrash,133,2016,May,07,4.16,69,15,4230,4620,53000,34,2727,3360,38
Mrtrash,134,2016,May,12,2.93,49,15,3590,3840,47000,42,1760,2640,26
Mrtrash,135,2016,May,31,2.37,40,18,3740,4120,56000,65,1680,2530,32
Mrtrash,136,2016,Jun,15,2.57,43,15,4200,4630,38000,53,1480,1760,43
Mrtrash,137,2016,Jun,16,2.39,40,15,3840,3990,41000,32,1540,2030,38
Mrtrash,138,2016,Jun,21,3.98,66,15,4350,4120,45000,42,1630,2140,24
Mrtrash,139,2016,Jun,22,3.47,58,15,3960,3720,52000,38,1870,2200,35
Mrtrash,140,2016,Jun,24,3.97,66,18,4150,3970,48000,41,1530,1700,26
Mrtrash,141,2016,Jun,30,3.12,52,18,4450,4310,58000,43,2130,2410,29
Mrtrash,142,2016,Jul,01,3.17,53,15,3460,3820,43000,38,2240,2670,31
Mrtrash,143,2016,Jul,13,2.12,35,15,2850,3120,52000,53,1930,2150,28
Mrtrash,144,2016,Jul,23,2.31,39,18,3560,3780,65000,33,2460,2520,34
Mrtrash,145,2016,Jul,28,3.16,53,15,4130,4360,52000,54,2610,2900,26
Mrtrash,146,2016,Jul,29,4.02,67,15,4350,4600,55000,34,2430,2780,38
Mrtrash,147,2016,Jul,29,3.26,54,18,4420,4850,65000,48,2340,2580,25
Mrtrash,148,2016,Jul,31,3.82,64,15,2130,2240,35000,45,1830,2140,16
Mrtrash,149,2016,Jul,31,4.88,81,15,2450,2500,32000,33,1950,2070,24
Mrtrash,150,2016,Aug,04,5.05,84,18,2300,2260,16000,28,1360,1650,15
Mrtrash,151,2016,Aug,16,2.79,47,15,2850,3120,34000,42,2100,2630,31
Mrtrash,152,2016,Aug,17,3.47,58,15,2640,2900,38000,37,2340,2760,22
Mrtrash,153,2016,Aug,19,4.01,67,18,3250,3570,42000,56,2700,3020,28
Mrtrash,154,2016,Aug,24,3.18,53,15,2530,2740,52000,38,2810,3150,32
Mrtrash,155,2016,Sep,02,3.13,52,15,2780,2640,38000,21,2130,2830,15
Mrtrash,156,2016,Sep,07,2.43,41,18,2740,3360,24000,32,2210,2490,28
Mrtrash,157,2016,Sep,19,3.08,51,15,2530,3460,21000,38,2300,2760,33
Mrtrash,158,2016,Oct,09,2.9,48,15,1876,3990,27600,10,1240,1980,11
Mrtrash,159,2016,Oct,27,3,50,18,2340,3150,19000,46,2470,2810,37
Mrtrash,160,2016,Nov,17,2.01,34,15,2244,4358,27000,64,3400,3700,22
Mrtrash,161,2016,Nov,29,1.98,33,15,2980,4460,36000,18,1880,1610,11
Mrtrash,162,2016,Nov,30,2.75,46,18,3460,5840,16000,42,3260,3430,34
Mrtrash,163,2016,Dec,01,3.41,57,15,1840,4760,23000,43,3470,3800,6
Mrtrash,164,2016,Dec,06,2.55,42,15,1360,3850,34000,39,2340,4220,24
Mrtrash,165,2016,Dec,16,1.74,29,18,1880,2890,26000,59,2100,4040,20
Mrtrash,166,2017,Jan,02,2.13,36,15,2460,2740,32000,48,3250,4430,15
Mrtrash,167,2017,Jan,19,2.43,41,15,2260,2780,28000,36,2870,3640,22
Mrtrash,168,2017,Feb,26,2.32,39,18,2890,2460,30000,22,2610,3250,19
Mrtrash,169,2017,Feb,26,3.72,62,15,2140,1870,15000,23,2040,2450,12
Mrtrash,170,2017,Mar,30,2.14,36,15,2570,2930,23000,28,2650,2910,14
Mrtrash,171,2017,Mar,31,2.74,46,18,2030,2340,14000,18,1960,2150,18
Mrtrash,172,2017,Mar,31,2.63,44,15,1940,2170,12000,15,1820,1980,10
Mrtrash,173,2017,Mar,31,2.09,35,15,1870,2040,11000,13,1950,2210,6
Mrtrash,174,2017,Apr,01,2.67,44,18,1920,2130,13000,21,2230,2590,8
Mrtrash,175,2017,Apr,01,2.67,44,18,1920,2130,13000,21,2230,2590,8
Mrtrash,176,2017,Apr,06,3.55,59,15,2230,2540,2000,16,1480,1670,5
Mrtrash,177,2017,Apr,06,3.89,65,18,980,1120,3000,14,1500,1730,3
Mrtrash,178,2017,Apr,06,3.59,60,15,650,720,2000,10,1140,1450,5
Mrtrash,179,2017,Apr,06,3.13,52,15,430,560,4000,9,870,990,7
Mrtrash,180,2017,Apr,06,3.33,56,18,390,460,2000,8,720,850,2
Mrtrash,181,2017,Apr,07,3.11,52,15,490,510,3000,11,1020,1110,7
Mrtrash,182,2017,Apr,07,3.04,51,15,210,340,2000,12,890,1040,3
Mrtrash,183,2017,Apr,07,3.21,54,18,560,670,2000,15,920,1080,4
Mrtrash,184,2017,Apr,07,4.08,68,15,470,560,3000,12,780,820,5
Mrtrash,185,2017,Apr,07,3.26,54,15,390,450,2000,8,830,990,8
Mrtrash,186,2017,Apr,08,3.36,56,18,460,620,1000,9,790,830,10
Mrtrash,187,2017,Apr,08,3.62,60,15,530,670,2000,13,1120,1340,5
Mrtrash,188,2017,Apr,08,4.27,71,15,460,530,1000,12,820,1030,7
Mrtrash,189,2017,Apr,08,4.01,67,18,340,510,2000,10,730,910,5
Mrtrash,190,2017,Apr,08,3.88,65,15,360,490,1000,15,820,950,8
Mrtrash,191,2017,Apr,21,4.67,78,15,2540,2330,12000,32,2450,2670,10
Mrtrash,192,2017,May,05,3.53,59,18,2870,3140,16000,21,3460,3720,11
Mrtrash,193,2017,May,05,4.07,68,15,2230,2820,14000,19,3250,3890,14
Mrtrash,194,2017,May,06,3.93,66,15,2340,2530,15000,18,2890,3100,12
Mrtrash,195,2017,May,11,2.59,43,18,2560,2430,18000,16,3120,3240,8
Mrtrash,196,2017,May,11,3.81,64,15,2340,2250,19000,22,2830,3020,5
Mrtrash,197,2017,May,22,3.3,55,15,2480,2320,14000,21,2990,3120,9
Mrtrash,198,2017,May,22,3.84,64,18,2540,2410,15000,16,1980,2230,5
Mrtrash,199,2017,May,26,4.1,68,15,2980,2830,17000,18,2590,2730,14
Mrtrash,200,2017,Jun,21,4.1,68,18,3250,2980,21000,23,3460,3640,12
Mrtrash,201,2017,Jun,21,2.52,42,15,3340,3120,26000,16,2640,3010,8
Mrtrash,202,2017,Jun,27,1.95,32,15,2850,2560,17000,21,2430,2790,7
Mrtrash,203,2017,Jul,03,3.58,60,18,3220,3140,23000,24,2870,3160,18
Mrtrash,204,2017,Jul,03,1.5,25,15,2110,1920,14000,32,1780,2140,11
Mrtrash,205,2017,Jul,12,3.63,60,15,3670,3240,32000,34,3020,3560,22
Mrtrash,206,2017,Jul,27,2.21,37,18,2890,2710,11000,20,2890,3250,13
Mrtrash,207,2017,Jul,28,4.04,67,15,1460,1250,9000,12,1120,1540,21
Mrtrash,208,2017,Aug,02,3.87,64,15,3240,3120,18000,27,2780,3170,14
Mrtrash,209,2017,Aug,04,3.68,61,18,3530,3240,26000,25,3250,3590,9
Mrtrash,210,2017,Aug,07,2.17,36,15,2760,2500,19000,31,2230,2740,6
Mrtrash,211,2017,Aug,11,2.1,35,15,2980,2740,22000,28,2640,2930,13
Mrtrash,212,2017,Aug,18,3.7,62,18,2430,2010,27000,36,2910,3310,11
Mrtrash,213,2017,Aug,19,3.39,57,15,1500,1390,12000,42,600,750,6
Mrtrash,214,2017,Aug,19,3.14,52,15,1270,1140,9000,13,780,890,8
Mrtrash,215,2017,Aug,19,3.54,59,18,1340,1180,13000,31,630,1250,5
Mrtrash,216,2017,Sep,12,3.07,51,18,2780,2540,11000,21,1460,1870,6
Mrtrash,217,2017,Sep,25,2.15,36,15,2910,2890,14000,32,1870,2140,12
Mrtrash,218,2017,Oct,11,2.76,46,15,2760,2450,11000,24,1640,2350,8
Mrtrash,219,2017,Oct,25,2.76,46,18,2950,2780,10000,29,1780,2130,7
Mrtrash,220,2017,Nov,14,2.38,40,15,2550,2870,12000,23,1640,2210,13
Mrtrash,221,2017,Nov,15,2.02,34,15,2720,2980,11000,32,1870,2340,11
Mrtrash,222,2018,Jan,15,2.17,36,15,2540,3160,15000,28,2220,2560,12
Mrtrash,223,2018,Jan,25,2.08,35,15,2370,2790,21000,12,1540,2760,8
Mrtrash,224,2018,Feb,05,3.12,52,18,2250,3120,18000,16,1630,2800,6
Mrtrash,225,2018,Feb,05,2.45,41,15,1260,1670,22000,9,870,1580,4
Mrtrash,226,2018,Feb,05,3.72,62,15,950,1470,16000,11,920,1340,6
Mrtrash,227,2018,Feb,06,4,67,18,1020,1590,14000,7,1110,1850,12
Mrtrash,228,2018,Feb,11,3.54,59,15,2250,2560,24000,18,1430,2260,14
Mrtrash,229,2018,Feb,11,3.19,53,15,1130,1470,12000,10,650,1400,5
Mrtrash,230,2018,Feb,11,4.51,75,18,1240,1510,11000,6,710,1390,4
Mrtrash,231,2018,Feb,13,2.97,50,15,1950,2130,16000,3,1050,1670,8
Mrtrash,232,2018,Feb,13,3.78,63,15,1460,1620,12000,5,630,1320,3
Mrtrash,233,2018,Mar,06,2.66,44,15,2210,2650,18000,11,1420,1710,7
Mrtrash,234,2018,Mar,06,2.64,44,15,2470,2810,19000,13,1540,1980,10
Mrtrash,235,2018,Apr,16,4.3,72,15,2150,2300,23000,16,1320,2070,12
Mrtrash,236,2018,Apr,16,2.91,49,15,970,1100,8000,2,300,800,1
Mrtrash,237,2018,Apr,16,3.62,60,15,840,920,7000,3,290,650,4
Mrtrash,238,2018,Apr,16,2.4,40,12,790,910,8000,4,260,590,2
Mrtrash,239,2018,Apr,17,3.19,53,15,750,830,6000,3,190,400,4
Mrtrash,240,2018,Apr,17,3.03,50,15,810,890,5000,4,200,450,3
Mrtrash,241,2018,Apr,17,3.26,54,15,790,1020,6000,3,150,500,4
Mrtrash,242,2018,Apr,17,3.04,51,15,670,840,7000,2,230,620,3
Mrtrash,243,2018,Apr,18,3.09,52,15,710,910,7000,4,310,780,4
Mrtrash,244,2018,Apr,18,2.72,45,15,730,840,6000,6,280,640,2
Mrtrash,245,2018,Apr,18,3.65,61,15,820,980,7000,5,170,590,5
Mrtrash,246,2018,Apr,18,3.38,56,15,760,870,6000,3,240,720,1
Mrtrash,247,2018,Apr,18,3.44,57,15,670,780,6000,7,310,810,3
Mrtrash,248,2018,Apr,18,2.57,43,15,730,850,6000,2,110,570,2
Mrtrash,249,2018,Apr,20,3.36,56,15,750,870,7000,4,230,730,4
Mrtrash,250,2018,Apr,20,2.72,45,15,820,910,8000,3,190,610,2
Mrtrash,251,2018,Apr,26,3.81,64,15,1580,1870,12000,12,980,1560,3
Mrtrash,252,2018,May,12,3.36,56,15,2130,2340,11000,9,1140,2140,4
Mrtrash,253,2018,May,14,4.29,72,15,2350,2130,14000,5,600,2350,5
Mrtrash,254,2018,May,14,4.29,72,15,2460,2370,17000,3,740,2570,3
Mrtrash,255,2018,May,16,4,67,15,1220,1360,8000,4,350,780,2
Mrtrash,256,2018,May,16,3.25,54,15,950,890,7000,3,250,1010,3
Mrtrash,257,2018,May,16,1.6,27,15,400,320,4000,2,210,780,0
Mrtrash,258,2018,May,17,3.62,60,15,1050,1170,6000,4,470,970,2
Mrtrash,259,2018,May,28,3.19,53,15,1480,1560,8000,3,1360,2340,3
Mrtrash,260,2018,May,28,2.86,48,15,1300,1230,7000,6,1130,2140,2
Mrtrash,261,2018,May,28,4.1,68,15,1650,1490,9000,2,820,1930,1
Mrtrash,262,2018,May,31,3.38,56,15,2130,2240,11000,9,650,2350,2
Mrtrash,263,2018,Jun,03,3.35,56,15,2340,2580,12000,11,1130,1760,5
Mrtrash,264,2018,Jun,03,3.17,53,15,1890,2130,14000,6,870,1590,4
Mrtrash,265,2018,Jun,05,4.19,70,15,1420,1650,8000,3,590,1020,3
Mrtrash,266,2018,Jun,05,2.6,43,15,1280,1330,9000,3,630,1170,2
Mrtrash,267,2018,Jun,05,4.15,69,15,1140,1290,7000,2,570,1340,4
Mrtrash,268,2018,Jun,12,4.23,71,15,870,950,11000,6,890,1220,2
Mrtrash,269,2018,Jun,12,4.15,69,15,940,1130,10000,8,760,1430,8
Mrtrash,270,2018,Jun,12,4.44,74,15,620,730,5000,4,810,1020,3
Mrtrash,271,2018,Jun,28,3.12,52,15,1560,1780,13000,5,1240,1750,2
Mrtrash,272,2018,Jun,29,0.96,16,15,1720,1980,12000,4,1110,1500,2
Mrtrash,273,2018,Jul,18,2.99,50,15,1890,1630,13000,8,850,1290,3
Mrtrash,274,2018,Jul,22,3.49,58,15,1760,1830,10000,10,790,1340,1
Mrtrash,275,2018,Jul,24,4.39,73,15,890,1020,8000,4,340,710,5
Mrtrash,276,2018,Jul,24,3.57,60,15,710,850,6000,2,410,820,3
Mrtrash,277,2018,Jul,24,3.79,63,15,620,540,4000,2,370,560,1
Mrtrash,278,2018,Jul,24,4.24,71,15,780,670,5000,3,50,720,2
Mrtrash,279,2018,Jul,25,3.49,58,15,540,430,8000,6,410,910,7
Mrtrash,280,2018,Jul,25,4.16,69,15,670,720,7000,4,360,840,4
Mrtrash,281,2018,Jul,26,3.17,53,15,820,540,6000,8,430,750,5
Mrtrash,282,2018,Jul,28,3.31,55,15,540,650,10000,5,500,690,1
Mrtrash,283,2018,Jul,28,3.32,55,15,730,670,7000,6,290,1020,7
Mrtrash,284,2018,Jul,28,3.98,66,15,910,790,5000,9,370,560,2
Mrtrash,285,2018,Jul,28,3.84,64,15,710,630,8000,2,300,730,3
Mrtrash,286,2018,Aug,09,3.31,55,15,1750,990,11000,6,910,1650,6
Mrtrash,287,2018,Aug,14,4.62,77,18,1320,1010,4900,14,1260,920,1
Mrtrash,288,2018,Aug,14,3.74,62,15,2740,1130,6700,29,2100,1340,9
Mrtrash,289,2018,Aug,14,3.27,55,15,1120,790,4000,4,1050,1160,0
Mrtrash,290,2018,Aug,14,3.04,51,18,2100,980,3000,12,940,990,2
Mrtrash,291,2018,Sep,01,2.43,41,15,3110,1420,6500,38,990,1620,14
Mrtrash,292,2018,Sep,01,3.35,56,15,1200,880,5000,9,1210,1500,11
Mrtrash,293,2018,Sep,09,3.5,58,15,1390,870,7200,18,560,2100,6
Mrtrash,294,2018,Sep,09,4.25,71,18,940,600,2500,6,470,860,0
Mrtrash,295,2018,Sep,10,3.77,63,15,1220,940,5000,12,850,1100,4
Mrtrash,296,2018,Sep,16,2.26,38,15,1960,1070,7000,31,1000,1570,9
Mrtrash,297,2018,Sep,25,3.09,52,18,2150,950,8000,19,490,1410,16
Mrtrash,298,2018,Sep,25,2.95,49,15,2380,1250,7500,22,1500,1860,14
Mrtrash,299,2018,Oct,04,3.28,55,15,1440,800,4000,11,1700,2100,8
Mrtrash,300,2018,Oct,04,3.1,52,18,1080,610,6000,26,820,1640,8
Mrtrash,301,2018,Oct,19,3.04,51,15,1840,710,8000,38,1050,1820,11
Mrtrash,302,2018,Nov,04,3.11,52,15,2100,1420,5500,12,880,980,6
Mrtrash,303,2018,Nov,04,2.26,38,15,1500,1040,4000,8,1210,1440,4
Mrtrash,304,2018,Nov,04,3.46,58,15,660,560,3000,4,700,840,0
Mrtrash,305,2018,Nov,04,4.54,76,18,590,540,2000,14,390,880,4
Mrtrash,306,2018,Nov,19,3.19,53,15,1200,1140,6500,21,1100,1660,9
Mrtrash,307,2018,Nov,25,3.17,53,15,2610,1600,6000,28,940,1650,14
Mrtrash,308,2018,Nov,25,2.78,46,18,1820,1880,5000,8,800,1220,2
Mrtrash,309,2018,Nov,25,2.77,46,15,1080,1640,6000,14,640,980,0
Mrtrash,310,2018,Nov,30,3.26,54,15,790,1000,5500,31,1080,1140,6
Mrtrash,311,2018,Dec,17,3.53,59,18,1240,990,4000,20,840,1200,8
Mrtrash,312,2018,Dec,20,3.38,56,15,780,940,3000,10,550,840,8
Mrtrash,313,2018,Dec,20,2.96,49,15,480,500,1500,18,400,300,0
Mrtrash,314,2018,Dec,20,3.62,60,15,300,440,2000,10,250,400,4
Mrtrash,315,2019,Jan,23,2.5,42,15,990,1640,4500,6,990,1230,13
Mrtrash,316,2019,Jan,23,3.07,51,15,1110,1940,6000,21,1010,750,17
Mrtrash,317,2019,Feb,12,2.33,39,15,580,890,3400,0,750,1100,2
Mrtrash,318,2019,Feb,12,3.24,54,15,2200,2750,4600,4,1400,1750,11
Mrtrash,319,2019,Mar,05,2.52,42,15,1900,3300,6600,14,790,1250,14
Mrtrash,320,2019,Mar,05,2.27,38,14,2800,2700,8400,5,800,1400,9
Mrtrash,321,2019,Mar,22,3.06,51,15,840,1050,3500,3,450,840,0
Mrtrash,322,2019,Mar,22,3.33,56,15,680,880,2400,4,240,650,6
Mrtrash,323,2019,Mar,22,3.03,50,15,300,500,2000,0,425,750,6
Mrtrash,324,2019,Mar,23,2.6,43,15,240,450,1200,2,350,600,3
Mrtrash,325,2019,Apr,13,2.26,38,15,1015,990,5600,6,510,775,11
Mrtrash,326,2019,Apr,18,3.52,59,15,2150,2200,6450,11,780,1020,14
Mrtrash,327,2019,Apr,18,3.84,64,15,580,480,3100,3,250,230,4
Mrtrash,328,2019,Apr,24,3.57,60,15,1400,1760,5500,5,1040,1200,8
Mrtrash,329,2019,Apr,30,5.1,85,15,800,450,2400,2,240,350,1
Mrtrash,330,2019,Apr,30,3.53,59,15,1110,1460,7200,12,500,580,4
Mrtrash,331,2019,May,11,3.04,51,15,1980,2100,4400,6,660,680,8
Mrtrash,332,2019,May,11,3.07,51,15,1040,1240,3200,14,780,1040,14
Mrtrash,333,2019,May,13,3.23,54,15,940,1400,5990,10,1000,780,9
Mrtrash,334,2019,May,13,3.73,62,15,600,450,1200,3,240,350,4
Mrtrash,335,2019,May,13,3.38,56,15,460,840,980,4,180,250,4
Mrtrash,336,2019,May,13,2.92,49,15,980,1200,2400,18,640,800,14
Mrtrash,337,2019,May,15,2.83,47,15,1880,2440,4200,10,990,460,22
Mrtrash,338,2019,May,15,2.76,46,15,900,1300,3800,4,480,660,6
Mrtrash,339,2019,May,28,2.51,42,15,1740,2000,6400,13,600,780,9
Mrtrash,340,2019,May,28,2.72,45,15,1140,1080,5400,16,900,1080,10
Mrtrash,341,2019,May,31,3.19,53,15,2040,1250,6600,17,860,1480,8
Mrtrash,342,2019,Jun,12,3.23,54,15,2800,2200,7800,14,1050,2000,17
Mrtrash,343,2019,Jun,12,3.08,51,15,1800,2240,6300,11,600,1450,8
Mrtrash,344,2019,Jun,17,3.02,50,15,3300,2400,8000,18,500,1600,16
Mrtrash,345,2019,Jul,03,2.08,35,15,1880,1640,7200,22,800,1380,11
Mrtrash,346,2019,Jul,03,2.03,34,15,2000,1100,5000,18,400,1500,8
Mrtrash,347,2019,Jul,06,2.48,41,15,2680,980,4400,34,560,980,20
Mrtrash,348,2019,Jul,06,3.34,56,15,950,650,3400,4,280,680,7
Mrtrash,349,2019,Jul,06,2.69,45,15,3700,1500,5800,12,600,1100,8
Mrtrash,350,2019,Jul,06,2.57,43,15,1900,840,8800,18,880,1400,18
Mrtrash,351,2019,Jul,09,3.45,58,15,3600,980,8400,18,680,1440,14
Mrtrash,352,2019,Jul,09,2.25,38,15,2400,1100,9400,38,380,2040,22
Mrtrash,353,2019,Jul,13,2.48,41,15,4400,1800,7200,11,660,1340,12
Mrtrash,354,2019,Jul,13,3.13,52,15,980,210,1000,0,360,740,4
Mrtrash,355,2019,Jul,13,2.65,44,15,1980,800,4400,12,440,1800,14
Mrtrash,356,2019,Jul,19,3.96,66,15,3600,1400,6800,8,280,1600,32
Mrtrash,357,2019,Aug,02,2.61,44,15,2200,680,5000,24,740,1380,10
Mrtrash,358,2019,Aug,02,3.82,64,15,2800,980,4800,12,360,640,4
Mrtrash,359,2019,Aug,08,2.66,44,15,4200,1400,7800,32,240,1310,14
Mrtrash,360,2019,Aug,24,4.25,71,15,800,360,1800,0,100,240,0
Mrtrash,361,2019,Aug,24,2.96,49,15,1400,720,2200,4,180,540,6
Mrtrash,362,2019,Aug,24,4,67,15,1800,980,3600,8,88,980,13
Mrtrash,363,2019,Aug,24,3.17,53,15,2210,950,5000,24,120,960,21
Mrtrash,364,2019,Oct,18,3.07,51,15,980,800,2200,6,840,1100,4
Mrtrash,365,2019,Oct,18,2.41,40,15,2800,2020,6500,10,660,1200,12
Mrtrash,366,2019,Oct,18,3.21,54,15,1900,1200,6600,22,800,2100,16
Mrtrash,367,2019,Oct,25,3.25,54,15,2780,2100,7200,16,940,1980,28
Mrtrash,368,2019,Oct,28,3.43,57,15,2440,2000,5300,10,350,1400,12
Mrtrash,369,2019,Oct,28,3.28,55,15,3400,1880,7800,12,480,1580,20
Mrtrash,370,2019,Oct,28,2.66,44,15,920,1240,4800,0,240,560,4
Mrtrash,371,2019,Oct,30,2.98,50,15,1260,1480,3600,14,320,880,2
Mrtrash,372,2019,Nov,02,3.05,51,15,1980,1550,4900,8,180,560,12
Mrtrash,373,2019,Nov,02,2.23,37,15,1000,1200,6400,12,560,880,2
Mrtrash,374,2019,Nov,04,3.2,53,15,960,800,5500,4,340,1020,11
Mrtrash,375,2019,Nov,04,3.2,53,15,640,720,3400,0,210,400,4
Mrtrash,376,2019,Nov,25,3.58,60,15,860,980,4000,8,180,720,1
Mrtrash,377,2019,Nov,25,3.88,65,15,590,500,1200,0,88,190,0
Mrtrash,378,2019,Nov,25,2.25,38,15,1800,1680,2800,24,100,240,3
Mrtrash,379,2019,Dec,06,2.72,45,15,3600,3200,7000,8,420,1200,9
Mrtrash,380,2019,Dec,20,2.78,46,15,2300,2400,8400,9,360,1700,12
Mrtrash,381,2020,Jan,18,2.75,46,15,3900,2100,12500,15,750,1100,16
Mrtrash,382,2020,Jan,18,1.8,30,15,2900,1800,10400,8,850,1800,12
Mrtrash,383,1900,Jan,20,2.9,48,15,1850,1100,9800,12,550,980,8
Mrtrash,384,2020,Jan,27,2.54,42,15,3400,2400,12000,21,1040,1450,6
Mrtrash,385,2020,Jan,27,2.18,36,15,980,900,6500,4,720,840,14
Mrtrash,386,2020,Jan,27,3.24,54,15,750,640,5400,8,440,640,2
Mrtrash,387,2020,Jan,27,3.07,51,15,500,440,4200,4,500,560,6
Mrtrash,388,2020,Jan,30,2.8,47,15,3200,2400,9600,14,980,1200,14
Mrtrash,389,2020,Jan,30,2.8,47,15,3800,2700,9400,12,660,980,10
Mrtrash,390,2020,Feb,10,1.9,32,15,1850,980,8000,2,880,1040,9
Mrtrash,391,2020,Mar,02,2.34,39,15,2800,2000,7200,18,420,800,16
Mrtrash,392,2020,Mar,24,2.15,36,15,980,900,5600,4,500,1000,7
Mrtrash,393,2020,Mar,30,3.86,64,15,3200,2700,11000,18,840,1040,11
Mrtrash,394,2020,Apr,11,3.98,66,15,2800,2100,5900,13,1050,1640,6
Mrtrash,395,2020,Apr,14,4.62,77,15,2640,1880,6800,20,860,1200,14
Mrtrash,396,2020,Apr,14,3.36,56,15,1200,840,2000,0,460,800,8
Mrtrash,397,2020,Apr,14,2.91,49,15,510,490,1800,4,140,380,4
Mrtrash,398,2020,Apr,15,3.5,58,15,660,360,1700,7,100,340,4
Mrtrash,399,2020,Apr,15,3.13,52,15,480,290,1100,9,80,290,2
Mrtrash,400,2020,Apr,23,3.06,51,15,2900,2200,5500,11,400,1600,14
Mrtrash,401,2020,Apr,25,3.17,53,15,2300,1200,4200,22,480,980,19
Mrtrash,402,2020,May,02,4.22,70,15,1980,1480,4900,12,600,680,16
Mrtrash,403,2020,May,02,3.68,61,15,1040,880,5200,20,550,1040,22
Mrtrash,404,2020,May,02,4,67,15,900,600,3400,4,380,450,12
Mrtrash,405,2020,Jun,06,3.98,66,15,3400,2400,4000,8,280,1100,24
Mrtrash,406,2020,Jun,06,2.55,42,15,1800,850,4200,22,440,760,12
Mrtrash,407,2020,Jun,19,0.78,13,15,3000,2700,5800,12,300,900,10
Mrtrash,408,2020,Jun,22,3.04,51,15,2800,1400,6000,18,560,1010,10
Mrtrash,409,2020,Jun,22,3,50,15,950,750,3400,24,240,770,1
Mrtrash,410,2020,Jun,24,3.79,63,15,3800,2100,4300,13,450,960,14
Mrtrash,411,2020,Jun,24,3.84,64,15,800,880,2100,4,140,540,0
Mrtrash,412,2020,Jun,24,3.96,66,15,760,980,1800,2,80,280,4
Mrtrash,413,2020,Jun,24,3.29,55,15,540,320,1400,8,100,180,0
Mrtrash,414,2020,Jun,24,3.35,56,15,340,290,2100,2,74,310,2
Mrtrash,415,2020,Jun,25,3.44,57,15,600,340,1200,6,120,290,3
Mrtrash,416,2020,Jun,25,3.78,63,15,480,340,1300,14,200,340,6
Mrtrash,417,2020,Jul,02,2.93,49,15,2100,1200,5100,15,680,1020,11
Mrtrash,418,2020,Jul,08,3.34,56,15,1840,1440,4200,19,500,850,15
Mrtrash,419,2020,Jul,13,2.14,36,15,1100,980,3200,12,400,640,12
Mrtrash,420,2020,Jul,24,3.1,52,15,2650,1300,4900,18,690,900,8
Mrtrash,421,2020,Jul,24,3.05,51,15,1900,990,3750,14,500,750,19
Mrtrash,422,2020,Jul,27,3.11,52,15,900,660,3050,8,350,360,12
Mrtrash,423,2020,Jul,27,3.32,55,15,1880,950,3900,10,380,480,10
Mrtrash,424,2020,Aug,03,2.92,49,15,1240,880,3100,14,300,400,24
Mrtrash,425,2020,Aug,11,2.98,50,15,3000,2250,5000,20,800,1100,16
Mrtrash,426,2020,Aug,11,1.89,32,15,2300,900,4750,20,660,740,9
Mrtrash,427,2020,Aug,18,2.7,45,15,1400,840,3200,12,350,760,10
Mrtrash,428,2020,Aug,26,1.41,24,15,2050,1250,4400,16,280,680,16
Mrtrash,429,2020,Sep,04,3.52,59,15,3250,1500,4000,14,820,800,12
Mrtrash,430,2020,Sep,04,3.39,57,15,2100,1420,3200,10,680,650,20
Mrtrash,431,2020,Sep,12,2.36,39,15,2450,1640,4500,18,500,640,18
Mrtrash,432,2020,Oct,01,3.19,53,15,4050,2500,6400,21,480,1050,21
Mrtrash,433,2020,Oct,30,3.02,50,15,3800,2200,5200,18,750,900,24
Mrtrash,434,2020,Oct,30,2.98,50,15,3000,1850,3000,12,680,880,14
Mrtrash,435,2020,Oct,31,3.39,57,15,2200,1200,3200,12,300,480,8
Mrtrash,436,2020,Nov,13,4.29,72,15,3500,2500,4900,20,480,720,11
Mrtrash,437,2020,Nov,13,3.62,60,15,1800,1000,3300,8,280,640,8
Mrtrash,438,2020,Nov,13,2.45,41,15,1250,900,2200,10,300,480,9
Mrtrash,439,2020,Dec,01,2.92,49,15,2200,980,5600,21,500,840,14
Mrtrash,440,2020,Dec,01,3.07,51,15,1640,800,4100,10,280,480,21
Mrtrash,441,2020,Dec,01,2.42,40,15,1080,750,3800,14,360,380,18
Mrtrash,442,2020,Dec,03,3.11,52,15,1790,1040,4900,19,480,540,12
Mrtrash,443,2020,Dec,03,2.92,49,15,2080,1100,5200,24,280,640,16
Mrtrash,444,2020,Dec,09,1.94,32,15,1600,880,3800,24,360,480,21
Mrtrash,445,2020,Dec,18,3.02,50,15,2200,1080,4050,12,400,400,10
Mrtrash,446,2020,Dec,26,2.79,47,15,2000,980,3600,15,280,640,14
Mrtrash,447,2020,Dec,26,2.01,34,15,1200,780,3200,20,500,360,20
Mrtrash,448,2020,Dec,26,3.35,56,15,980,600,2800,21,280,480,8
Mrtrash,449,2020,Dec,26,3.34,56,15,800,640,2700,12,380,450,28
Mrtrash,450,2020,Dec,26,3.08,51,15,1200,720,4200,18,270,720,0
Mrtrash,451,2020,Dec,30,2.73,46,15,1800,780,4200,14,270,280,14
Mrtrash,452,2020,Dec,30,2.12,35,15,1440,600,3600,21,420,360,15
Mrtrash,453,2021,Jan,04,2.81,47,15,1600,840,3400,24,320,540,12
Mrtrash,454,2021,Feb,17,2.43,41,15,2400,1100,4400,9,980,1050,10
Mrtrash,455,2021,Mar,03,2.69,45,15,1900,860,3800,14,1000,750,18
Mrtrash,456,2021,Mar,23,1.83,31,15,2100,900,4200,16,680,800,12
Mrtrash,457,2021,Mar,25,3.14,52,15,1200,500,3300,8,580,720,8
Mrtrash,458,2021,Mar,25,2.72,45,15,720,280,2800,20,320,420,14
Mrtrash,459,2021,Mar,25,3.34,56,15,800,240,2700,4,180,380,6
Mrtrash,460,2021,Mar,27,3.64,61,15,2200,750,3000,24,540,740,14
Mrtrash,461,2021,Mar,27,2.95,49,15,1600,880,4200,12,480,890,20
Mrtrash,462,2021,Mar,27,2.34,39,15,1000,280,2400,0,400,960,12
Mrtrash,463,2021,Mar,31,2.55,42,15,3000,720,3600,21,720,1200,21
Mrtrash,464,2021,Apr,13,3.5,58,15,2700,1400,4400,12,810,1050,14
Mrtrash,465,2021,May,06,5.03,84,15,2300,840,5000,28,640,980,18
Mrtrash,466,2021,May,06,3.9,65,15,1900,560,3900,14,590,1010,26
Mrtrash,467,2021,May,28,3.66,61,15,5800,600,5400,20,700,880,30
Mrtrash,468,2021,May,28,3.69,62,15,1800,440,3400,22,540,980,14
Mrtrash,469,2021,Jun,01,3.77,63,15,2200,480,4000,12,400,600,18
Mrtrash,470,2021,Jun,01,4.27,71,15,3400,360,5400,28,720,1000,20
Mrtrash,471,2021,Jun,04,3.03,50,15,4400,480,4800,34,720,980,22
Mrtrash,472,2021,Jun,11,3.83,64,15,3400,660,6000,22,560,800,21
Mrtrash,473,2021,Jun,11,3.3,55,15,2500,360,4400,18,320,720,12
Mrtrash,474,2021,Jun,11,3.9,65,15,1600,290,2800,16,300,540,14
Mrtrash,475,2021,Jun,12,2.78,46,15,1200,250,2700,10,320,360,8
Mrtrash,476,2021,Jun,12,2.67,44,15,1040,200,2700,12,480,320,10
Mrtrash,477,2021,Jun,15,3.58,60,15,4400,640,5000,30,600,1080,28
Mrtrash,478,2021,Jul,02,4.5,75,15,4800,720,6200,32,810,1200,30
Mrtrash,479,2021,Jul,02,3.91,65,15,1800,180,2900,21,300,600,12
Mrtrash,480,2021,Jul,14,1.32,22,15,3600,640,4800,16,440,840,18
Mrtrash,481,2021,Aug,03,2.31,39,15,3000,340,4800,24,320,480,18
Mrtrash,482,2021,Aug,12,3.66,61,15,4200,540,5400,28,680,1100,28
Mrtrash,483,2021,Aug,12,2.07,34,15,1400,120,2400,12,180,940,8
Mrtrash,484,2021,Aug,16,3.8,63,15,2800,340,3400,16,290,800,12
Mrtrash,485,2021,Aug,16,3.97,66,15,1800,140,2400,10,200,540,12
Mrtrash,486,2021,Aug,20,5.2,87,15,3400,660,4200,24,480,960,24
Mrtrash,487,2021,Sep,01,2,33,15,2600,420,5200,20,220,640,18
Mrtrash,488,2021,Sep,02,1.66,28,15,3300,510,4900,22,340,1010,14
Mrtrash,489,2021,Sep,02,2.18,36,15,4100,680,5400,12,280,940,20
Mrtrash,490,2021,Sep,03,4.01,67,15,1800,350,3800,18,180,690,10
Mrtrash,491,2021,Sep,15,2.9,48,15,3500,480,4900,24,200,1050,28
Mrtrash,492,2021,Sep,24,4.12,69,15,2900,500,3300,30,340,890,14
Mrtrash,493,2021,Sep,24,4,67,15,850,100,1800,2,100,440,2
Mrtrash,494,2021,Sep,24,2.92,49,15,680,180,2000,8,75,360,14
Mrtrash,495,2021,Oct,26,3.38,56,15,3100,380,4500,18,180,980,22
Mrtrash,496,2021,Oct,26,3.81,64,15,1750,400,4800,30,220,740,12
Mrtrash,497,2021,Oct,26,2.61,44,15,980,120,2800,16,140,1000,20
Mrtrash,498,2021,Nov,01,3.02,50,15,2800,400,5500,24,240,880,32
Mrtrash,499,2021,Nov,01,2.54,42,15,1200,320,3000,12,150,400,2
Mrtrash,500,2021,Nov,01,3.09,52,15,840,240,1400,4,80,280,6
Mrtrash,501,2021,Nov,01,3.73,62,15,1040,250,2200,11,100,320,18
Mrtrash,502,2021,Nov,01,3.89,65,15,500,75,1500,10,110,460,4
Mrtrash,503,2021,Nov,02,3.9,65,15,800,100,1800,6,75,380,8
Mrtrash,504,2021,Nov,02,3.72,62,15,640,140,2000,12,100,500,2
Mrtrash,505,2021,Nov,02,2.66,44,15,900,150,1000,4,50,250,1
Mrtrash,506,2021,Nov,03,3.55,59,15,660,95,2800,24,100,375,20
Mrtrash,507,2021,Nov,03,2.8,47,15,750,150,1400,15,190,550,16
Mrtrash,508,2021,Nov,13,3.22,54,15,3800,450,4800,32,175,640,28
Mrtrash,509,2021,Dec,07,1.9,32,15,2900,290,4200,20,200,840,32
Mrtrash,510,2021,Dec,31,1.83,31,15,1800,320,3900,28,180,800,12
Mrtrash,511,2022,Jan,05,2.2,37,15,2700,220,5100,34,200,610,15
Mrtrash,512,2022,Jan,18,2.99,50,15,4200,520,4000,40,480,500,20
Mrtrash,513,2022,Jan,18,3.12,52,15,3000,325,3300,11,190,900,30
Mrtrash,514,2022,Jan,19,2.86,48,15,1200,80,2200,10,140,400,12
Mrtrash,515,2022,Jan,19,2.72,45,15,600,70,1000,13,24,180,4
Mrtrash,517,2022,Mar,11,2.15,36,15,4400,210,5200,30,140,500,28
Mrtrash,516,2022,Feb,21,2.71,45,15,3100,220,4400,28,110,650,36
Mrtrash,518,2022,Mar,25,4.66,78,15,2800,140,3300,18,80,550,36
Mrtrash,519,2022,Mar,25,2.35,39,15,1100,100,3000,24,100,600,12
Mrtrash,520,2022,Apr,02,2.75,46,15,3400,240,4800,34,81,800,18
Mrtrash,521,2022,Apr,07,2.59,43,15,2800,200,5000,10,120,540,21
Mrtrash,522,2022,Apr,07,3.7,62,15,800,64,1200,6,50,350,2
Mrtrash,523,2022,Apr,07,2.61,44,15,1800,110,2300,20,120,460,14
Mrtrash,524,2022,Apr,08,3.97,66,15,540,50,900,4,64,240,0
Mrtrash,525,2022,Apr,29,4.51,75,15,3300,300,4200,34,140,640,20
Mrtrash,526,2022,May,11,2.83,47,15,2800,220,3600,22,180,780,30
Mrtrash,527,2022,May,11,4.14,69,15,900,48,1200,8,80,580,8
Mrtrash,528,2022,May,17,3.21,54,15,2100,110,5000,24,140,900,28
Mrtrash,529,2022,May,24,3.83,64,15,3200,200,6200,40,120,1000,40
Mrtrash,530,2022,May,31,3.97,66,15,1440,75,3600,22,80,440,14
Mrtrash,531,2022,May,31,4.02,67,15,800,50,1800,10,64,320,6
Mrtrash,532,2022,May,31,3.76,63,15,540,110,1100,4,50,450,12
Mrtrash,533,2022,Jun,01,3.18,53,15,2900,420,3800,12,240,1100,9
Mrtrash,534,2022,Jun,10,4.02,67,15,2000,340,2900,8,320,880,20
Mrtrash,535,2022,Jun,10,3.36,56,15,960,120,1500,14,96,640,10
Mrtrash,536,2022,Jun,11,1.64,27,10,3200,290,4200,9,380,1000,6
Mrtrash,537,2022,Jun,11,3.76,63,15,1250,100,2100,24,200,960,18
Mrtrash,538,2022,Jun,29,1.97,33,15,2900,360,3200,12,400,840,14
Mrtrash,539,2022,Jun,29,3.96,66,15,2100,240,4800,20,360,1200,21
Mrtrash,540,2022,Jul,05,3.77,63,15,3600,320,5000,12,330,1400,18
Mrtrash,541,2022,Jul,05,3.25,54,15,1400,120,3600,22,280,980,30
Mrtrash,542,2022,Jul,15,2.75,46,15,3900,200,4200,21,210,1200,18
Mrtrash,543,2022,Jul,18,2.7,45,15,3000,240,4400,24,270,1100,12
Mrtrash,544,2022,Jul,18,3.39,57,15,1800,96,2800,4,120,980,10
Mrtrash,545,2022,Jul,21,2.82,47,15,2700,180,3800,10,200,860,21
Mrtrash,546,2022,Jul,27,2.03,34,15,2400,120,4400,28,360,1500,24
Mrtrash,547,2022,Jul,29,1.69,28,13,2900,210,4900,16,290,900,12
Mrtrash,548,2022,Aug,09,2.84,47,15,1400,280,3500,12,140,750,20
Mrtrash,549,2022,Aug,19,2.25,38,15,3900,340,5500,20,200,1100,30
Mrtrash,550,2022,Sep,09,3.09,52,15,4200,390,4800,10,180,960,21
Mrtrash,551,2022,Sep,13,3.67,61,15,2800,120,4200,12,150,1000,36
Mrtrash,552,2022,Sep,14,3.64,61,15,1900,200,6300,8,80,1260,14
Mrtrash,553,2022,Sep,14,3.78,63,15,960,75,2900,11,100,660,8
Mrtrash,554,2022,Sep,14,3.69,62,15,640,50,1800,24,140,500,6
Mrtrash,555,2022,Sep,15,3.88,65,15,750,84,2200,9,72,480,18
Mrtrash,556,2022,Sep,15,4.18,70,15,500,48,1800,10,84,360,5
Mrtrash,557,2022,Oct,07,2.73,46,14,3500,280,4900,21,210,1000,21
Mrtrash,558,2022,Oct,07,4.39,73,15,2900,320,5500,36,180,1360,18
Mrtrash,559,2022,Nov,10,2.03,34,15,2100,100,4900,42,150,1600,30
Mrtrash,560,2022,Nov,14,3.12,52,15,3200,280,5400,24,200,1200,32
Mrtrash,561,2022,Nov,22,2.27,38,15,1800,150,2900,12,160,980,21
Mrtrash,562,2022,Dec,09,2.54,42,15,1500,84,3900,36,190,1400,40
Mrtrash,563,2022,Dec,17,3.27,55,15,2100,120,4200,18,220,1600,21
Mrtrash,564,2022,Dec,17,2.79,47,15,1000,48,2100,8,64,900,14
Mrtrash,565,2022,Dec,21,3.15,52,15,2900,320,4800,21,180,1900,36
Mrtrash,566,2022,Dec,28,3.02,50,15,1600,100,3600,24,200,2000,27
Mrtrash,567,2022,Dec,29,3.36,56,15,2100,120,1800,21,110,1600,14
Mrtrash,568,2023,Jan,27,3.23,54,15,1700,210,2900,15,180,1500,10
Mrtrash,569,2023,Feb,20,3.03,50,15,2400,300,3300,21,210,1100,21
Mrtrash,570,2023,Feb,20,3.53,59,15,3600,280,4200,24,240,2200,30
Mrtrash,571,2023,Mar,06,3.14,52,15,2700,180,3200,18,270,1700,20
Mrtrash,572,2023,Mar,29,3.41,57,15,2900,200,3000,20,200,1400,14
Mrtrash,573,2023,Apr,17,4.78,80,15,1800,90,2400,16,170,980,11
Mrtrash,574,2023,Apr,17,5.31,88,15,2200,210,3800,30,280,1800,28
Mrtrash,575,2023,Apr,20,2.97,50,15,3000,280,4000,22,320,2100,18
Mrtrash,576,2023,Apr,24,3.66,61,15,2100,200,3300,21,260,2100,24
Mrtrash,577,2023,Apr,24,4.87,81,15,1000,64,1900,10,120,900,9
Mrtrash,578,2023,Apr,24,5.31,88,15,2700,190,3600,32,340,2000,32
Mrtrash,579,2023,May,04,3.66,61,15,2200,420,4100,27,290,2300,40
Mrtrash,580,2023,May,04,2.62,44,15,3100,380,2900,40,220,1800,21
Mrtrash,581,2023,Jun,28,3.56,59,15,3400,480,4400,36,310,2200,27
Mrtrash,582,2023,Jun,28,3.79,63,15,4000,390,4200,32,400,1400,38
Mrtrash,583,2023,Jun,28,2.28,38,10,2100,300,3300,12,240,1000,18
Mrtrash,584,2023,Jun,29,3.9,65,15,1900,220,4700,30,180,2100,21
Professor,1,2017,Jan,02,1.79,30,15,1950,6080,19700,8,3100,15600,NA
Professor,2,2017,Jan,30,1.58,26,15,9540,11230,17600,14,5630,16700,NA
Professor,3,2017,Feb,26,2.32,39,18,8350,9210,12000,19,6430,12400,NA
Professor,4,2017,Feb,26,3.72,62,15,8590,1030,13000,21,5870,11030,NA
Professor,5,2017,Feb,28,1.45,24,15,7830,9950,16000,18,7450,15340,NA
Professor,6,2017,Mar,30,1.71,28,15,8210,10340,14000,23,9560,13470,NA
Professor,7,2017,Apr,01,1.82,30,15,9830,11020,17000,26,11500,18620,NA
Professor,8,2017,Apr,20,2.37,40,15,9240,8760,15000,14,9970,14670,NA
Professor,9,2017,May,10,2.64,44,15,9540,8810,17000,28,12340,16580,NA
Professor,10,2017,May,26,2.78,46,15,8230,7800,13000,22,13450,17220,NA
Professor,11,2017,Jun,20,2.34,39,15,7540,8260,14000,12,10320,15430,NA
Professor,12,2017,Jul,17,1.63,27,15,8490,8230,16000,24,8870,10400,NA
Professor,13,2017,Jul,17,2.37,40,15,9610,9480,19000,27,13400,15200,NA
Professor,14,2017,Jul,28,1.69,28,15,7960,7650,12000,17,9540,12400,NA
Professor,15,2017,Aug,04,2.93,49,15,8870,8530,21000,32,11600,16500,NA
Professor,16,2017,Aug,31,1.21,20,15,7420,7280,15000,18,9710,13200,NA
Professor,17,2017,Sep,07,1.47,24,15,8250,7860,14000,24,8940,12500,NA
Professor,18,2017,Nov,17,0.75,12,8,8472,11528,33320,0,656,5392,NA
Professor,19,2018,Jan,15,0.99,16,15,7530,9240,22400,6,940,7650,NA
Professor,20,2018,Feb,05,1.58,26,15,2340,3780,24000,4,1870,16500,NA
Professor,21,2018,Feb,21,1.23,20,15,2210,3560,21000,3,1750,16700,NA
Professor,22,2018,Mar,30,2.32,39,15,2670,3750,26000,4,1890,20100,NA
Professor,23,2018,Apr,13,1.73,29,6,657,1699,8380,0,631,5960,NA
Professor,24,2018,Apr,16,1.78,30,12,2290,2630,19000,3,1520,14300,NA
Professor,25,2018,Apr,20,1.98,33,15,2110,2560,18000,2,1760,16700,NA
Professor,26,2018,Apr,26,1.37,23,12,7340,9870,25000,1,980,6750,NA
Professor,27,2018,May,31,1.85,31,15,9230,8950,28000,2,850,7340,NA
Professor,28,2018,Jun,03,2.84,47,15,1020,9230,25000,4,1120,8230,NA
Professor,29,2018,Jun,09,1.3,22,15,900,8560,28000,3,750,7650,NA
Professor,30,2018,Jun,21,1.81,30,15,1140,9900,21000,4,890,8340,NA
Professor,31,2018,Jul,03,1.66,28,15,1350,8560,18000,3,950,9460,NA
Professor,32,2018,Jul,18,2.12,35,15,1200,7810,27000,6,790,10200,NA
Professor,33,2018,Jul,23,1.23,20,15,1090,8230,25000,3,910,8760,NA
Professor,34,2018,Jul,28,1.8,30,15,920,7340,23000,1,890,9210,NA
Professor,35,2018,Aug,14,2.46,41,15,3150,4330,18000,14,1120,8800,NA
Professor,36,2018,Sep,01,1.58,26,15,6970,2450,14000,9,1300,12780,NA
Professor,37,2018,Sep,16,0.97,16,15,9100,4500,9000,4,750,7800,NA
Professor,38,2018,Oct,15,1.57,26,15,8400,4400,11000,9,1240,10400,NA
Professor,39,2018,Nov,04,2.41,40,15,6500,5500,8000,12,3600,5800,NA
Professor,40,2018,Nov,19,3.18,53,15,4400,4900,7400,14,4300,6800,NA
Professor,41,2018,Nov,30,2.28,38,15,3600,6050,11000,6,1800,8750,NA
Professor,42,2018,Dec,29,1.77,30,15,4000,7800,13000,10,5000,4300,NA
Professor,43,2019,Feb,12,1.88,31,15,3700,5500,9000,5,1800,4300,NA
Professor,44,2019,Mar,07,0.73,12,8,4057,2398,11078,0,1337,14000,NA
Professor,45,2019,Mar,23,1.37,23,15,8800,7800,14000,6,2300,9800,NA
Professor,46,2019,Apr,13,2.59,43,15,6800,6000,8000,10,2800,7800,NA
Professor,47,2019,Apr,18,1.89,32,15,5900,6400,7500,8,1600,5500,NA
Professor,48,2019,Apr,30,2.58,43,15,7500,5300,10000,12,1050,4600,NA
Professor,49,2019,May,13,2.01,34,15,8000,8400,12400,18,1400,2900,NA
Professor,50,2019,Jun,12,1.91,32,15,4400,3800,9800,8,980,3900,NA
Professor,51,2019,Jun,17,1.1,18,15,6600,5800,8700,4,1400,5000,NA
Professor,52,2019,Jul,09,3.33,56,15,3800,2100,7400,12,980,3600,NA
Professor,53,2019,Aug,02,2.54,42,15,4800,2200,9600,12,1000,4200,NA
Professor,54,2019,Aug,24,2.52,42,15,4400,1480,8600,4,660,5400,NA
Professor,55,2019,Oct,18,2.02,34,15,5200,4200,8100,24,540,3200,NA
Professor,56,2019,Nov,23,1.81,30,15,6400,4000,7800,18,940,4200,NA
Professor,57,2019,Dec,06,1.76,29,15,5900,4800,8800,26,660,3900,NA
Professor,58,2020,Jan,16,0.94,16,15,4800,3800,9000,12,980,3800,NA
Professor,59,2020,Feb,10,1.71,28,15,5600,3000,12000,18,1040,4800,NA
Professor,60,2020,Mar,30,1.81,30,15,7200,3400,9800,8,800,6400,NA
Professor,61,2020,Apr,14,2.72,45,15,4400,3960,6000,27,1200,5800,NA
Professor,62,2020,May,08,1.61,27,15,5400,4100,7200,11,1000,5600,NA
Professor,63,2020,Jun,06,2.43,41,15,4800,3200,6300,20,780,4800,NA
Professor,64,2020,Jun,19,2.29,38,15,6700,3600,8200,9,720,5400,NA
Professor,65,2020,Jul,02,1.97,33,15,6000,4000,7000,11,670,5300,NA
Professor,66,2020,Jul,24,1.52,25,15,6800,2950,6400,8,980,6050,NA
Professor,67,2020,Aug,03,0.61,10,12,5950,3600,8000,12,1050,4400,NA
Professor,68,2020,Sep,14,1.18,20,15,7200,4200,8800,24,1200,5100,NA
Professor,69,2020,Oct,30,1.82,30,15,6400,4200,7200,18,2200,3800,NA
Professor,70,2020,Dec,01,2.79,47,15,5300,3100,9900,9,1480,5400,NA
Professor,71,2021,Jan,04,1.68,28,15,4900,3000,10500,14,980,7200,NA
Professor,72,2021,Feb,17,1.21,20,15,4400,1200,7200,21,1420,4900,NA
Professor,73,2021,Mar,27,2.48,41,15,5000,1800,6800,18,840,4000,NA
Professor,74,2021,May,04,2.49,42,15,4900,1000,8000,30,1800,4800,NA
Professor,75,2021,May,08,2.57,43,15,4800,1200,7600,12,1480,5400,NA
Professor,76,2021,May,28,1.96,33,15,5800,960,8400,14,1900,5400,NA
Professor,77,2021,Jun,11,2.91,49,15,3600,800,6000,21,1500,6400,NA
Professor,78,2021,Jul,02,2.33,39,15,4200,1100,6400,24,1480,4900,NA
Professor,79,2021,Jul,14,2.58,43,15,5000,980,9200,21,1000,7200,NA
Professor,80,2021,Aug,03,3.34,56,15,5400,960,6200,18,1200,8400,NA
Professor,81,2021,Aug,18,3.18,53,15,6400,1000,8400,12,980,7000,NA
Professor,82,2021,Aug,20,1.99,33,15,4000,880,6400,24,1400,5800,NA
Professor,83,2021,Sep,01,3.18,53,15,4300,1100,5400,36,2100,3900,NA
Professor,84,2021,Sep,24,1.99,33,15,5100,900,6000,28,880,4400,NA
Professor,85,2021,Nov,03,1.5,25,15,3900,750,7200,20,960,6400,NA
Professor,86,2022,Jan,05,1.32,22,15,2700,300,5300,38,340,3200,NA
Professor,87,2022,Feb,21,0.93,16,10,3000,420,4200,48,280,5400,NA
Professor,88,2022,Mar,25,2.01,34,15,4100,380,6400,20,380,4900,NA
Professor,89,2022,Apr,07,2.61,44,15,3900,280,6900,34,290,3800,NA
Professor,90,2022,May,05,3.46,58,15,4400,500,7200,40,380,5500,NA
Professor,91,2022,Jun,10,2.76,46,15,4900,420,5600,22,440,2900,NA
Professor,92,2022,Jun,21,2.41,40,10,3600,300,6000,32,270,3300,NA
Professor,93,2022,Jul,05,2.43,41,15,4500,400,5400,24,320,4900,NA
Professor,94,2022,Jul,18,2.98,50,15,5000,320,6400,30,270,5100,NA
Professor,95,2022,Aug,19,2.5,42,15,5400,480,6200,21,210,3200,NA
Professor,96,2022,Sep,09,1.97,33,10,3400,270,4200,18,180,4200,NA
Professor,97,2022,Sep,15,3.49,58,15,4800,240,5000,36,220,5600,NA
Professor,98,2022,Oct,07,1.32,22,15,3800,180,4800,14,140,3900,NA
Professor,99,2022,Nov,22,1.61,27,15,2900,290,3800,39,340,4200,NA
Professor,100,2022,Dec,17,1.98,33,15,3200,220,4400,28,280,2900,NA
Professor,101,2022,Dec,29,2.13,36,15,4200,300,5400,40,300,4400,NA
Professor,102,2023,Feb,15,2.41,40,15,2900,240,3900,32,320,4200,NA
Professor,103,2023,Apr,10,2.05,34,15,NA,NA,NA,NA,NA,NA,NA
Professor,104,2023,Apr,20,2.58,43,15,3400,400,4900,26,380,3200,NA
Professor,105,2023,Jun,16,1.85,31,15,4100,510,4200,44,290,2300,NA
Professor,106,2023,Jun,29,2.25,38,15,3900,390,5500,38,480,3900,NA
Gwynnda,1,2021,Jul,03,0.93,16,15,1200,360,3400,NA,1800,NA,NA
Gwynnda,2,2021,Jul,07,2.26,38,15,2000,240,3900,NA,2200,NA,NA
Gwynnda,3,2021,Jul,07,1.62,27,15,1800,270,2900,NA,2400,NA,NA
Gwynnda,4,2021,Jul,16,1.76,29,15,1000,180,2100,NA,1800,NA,NA
Gwynnda,5,2021,Jul,30,1.53,26,15,2100,240,4000,NA,2700,NA,NA
Gwynnda,6,2021,Aug,11,2.06,34,15,2400,360,3900,NA,3000,NA,NA
Gwynnda,7,2021,Aug,14,1.9,32,15,2700,320,4200,NA,3200,NA,NA
Gwynnda,8,2021,Aug,16,2.16,36,15,3000,320,4000,NA,3600,NA,NA
Gwynnda,9,2021,Aug,16,2.6,43,15,980,180,1800,NA,1000,NA,NA
Gwynnda,10,2021,Aug,17,3.21,54,15,240,42,400,NA,360,NA,NA
Gwynnda,11,2021,Aug,17,2.44,41,15,840,100,1200,NA,1500,NA,NA
Gwynnda,12,2021,Aug,18,2.62,44,15,1800,240,3600,NA,3000,NA,NA
Gwynnda,13,2021,Aug,19,2.92,49,15,1000,320,3200,NA,2400,NA,NA
Gwynnda,14,2021,Aug,19,2.93,49,15,500,98,1200,NA,1000,NA,NA
Gwynnda,15,2021,Aug,20,3.31,55,15,12,4,400,NA,320,NA,NA
Gwynnda,16,2021,Aug,24,2.7,45,15,2400,270,3800,NA,3200,NA,NA
Gwynnda,17,2021,Aug,25,2.1,35,15,1000,160,2700,NA,2200,NA,NA
Gwynnda,18,2021,Sep,02,2.6,43,15,1800,240,2100,NA,1200,NA,NA
Gwynnda,19,2021,Sep,06,3.28,55,15,300,100,980,NA,180,NA,NA
Gwynnda,20,2021,Sep,10,2.89,48,15,2100,240,2700,NA,1400,NA,NA
Gwynnda,21,2021,Sep,18,2.49,42,15,2400,300,3200,NA,900,NA,NA
Gwynnda,21,2021,Sep,29,2.36,39,15,1200,210,2000,NA,1200,NA,NA
Gwynnda,22,2021,Oct,06,1.84,31,15,1800,270,2900,NA,1000,NA,NA
Gwynnda,23,2021,Oct,27,3.09,52,15,2100,360,3200,NA,1400,NA,NA
Gwynnda,24,2021,Oct,27,3.54,59,15,280,100,480,NA,200,NA,NA
Gwynnda,25,2021,Oct,27,2.25,38,15,480,42,1000,NA,360,NA,NA
Gwynnda,26,2021,Oct,29,3.38,56,15,150,50,800,NA,100,NA,NA
Gwynnda,27,2021,Oct,30,3.2,53,15,1400,240,2000,NA,980,NA,NA
Gwynnda,28,2021,Nov,01,3.71,62,15,980,100,1500,NA,200,NA,NA
Gwynnda,29,2021,Nov,01,4.06,68,15,40,12,200,NA,40,NA,NA
Gwynnda,30,2021,Nov,01,3.21,54,15,640,150,1200,NA,480,NA,NA
Gwynnda,31,2021,Nov,02,3.26,54,15,800,200,980,NA,240,NA,NA
Gwynnda,32,2021,Nov,02,3.95,66,15,1000,240,1800,NA,400,NA,NA
Gwynnda,33,2021,Nov,02,2.79,47,15,810,180,900,NA,360,NA,NA
Gwynnda,34,2021,Nov,02,3.02,50,15,500,80,1000,NA,240,NA,NA
Gwynnda,35,2021,Nov,03,2.97,50,15,1800,120,1800,NA,300,NA,NA
Gwynnda,36,2021,Nov,03,3,50,15,840,90,1500,NA,180,NA,NA
Gwynnda,37,2021,Nov,03,3.23,54,15,500,50,1200,NA,100,NA,NA
Gwynnda,38,2021,Nov,03,3.36,56,15,1500,200,2000,NA,360,NA,NA
Gwynnda,39,2021,Nov,04,3.57,60,15,480,40,980,NA,240,NA,NA
Gwynnda,40,2021,Nov,04,3.27,55,15,1000,120,1800,NA,360,NA,NA
Gwynnda,41,2021,Nov,04,3.43,57,15,1200,200,2000,NA,480,NA,NA
Gwynnda,42,2021,Nov,04,3.91,65,15,450,100,1200,NA,320,NA,NA
Gwynnda,43,2021,Nov,05,3.76,63,15,280,60,1000,NA,240,NA,NA
Gwynnda,44,2021,Nov,05,4.13,69,15,150,50,980,NA,180,NA,NA
Gwynnda,45,2021,Nov,05,4.08,68,15,0,0,0,NA,0,NA,NA
Gwynnda,46,2021,Nov,05,4.02,67,15,0,0,0,NA,0,NA,NA
Gwynnda,47,2021,Nov,13,3.63,60,15,2100,240,3200,NA,2100,NA,NA
Gwynnda,48,2021,Nov,23,2.59,43,15,1800,200,5000,NA,2400,NA,NA
Gwynnda,49,2021,Dec,02,1.51,25,15,1400,100,4200,NA,1000,NA,NA
Gwynnda,50,2021,Dec,15,1.68,28,15,980,180,3000,NA,980,NA,NA
Gwynnda,51,2022,Jan,05,2.78,46,15,3000,280,3600,NA,1200,NA,NA
Gwynnda,52,2022,Jan,17,2.53,42,15,2400,240,4800,NA,2000,NA,NA
Gwynnda,53,2022,Jan,18,2.53,42,15,1100,200,2800,NA,1600,NA,NA
Gwynnda,54,2022,Jan,18,3.08,51,15,340,80,800,NA,300,NA,NA
Gwynnda,55,2022,Jan,20,2.75,46,15,1200,400,3200,NA,2400,NA,NA
Gwynnda,56,2022,Mar,09,0.77,13,5,600,80,1000,NA,640,NA,NA
Gwynnda,57,2022,Mar,10,2.76,46,15,2300,300,4200,NA,1800,NA,NA
Gwynnda,58,2022,Mar,10,2.46,41,15,1200,190,2700,NA,1000,NA,NA
Gwynnda,59,2022,Mar,26,2.8,47,15,3000,240,4900,NA,1600,NA,NA
Gwynnda,60,2022,Apr,07,2.82,47,15,4200,500,6400,NA,2100,NA,NA
Gwynnda,61,2022,Apr,07,1.99,33,15,1800,190,3200,NA,980,NA,NA
Gwynnda,62,2022,Apr,08,2.78,46,15,980,220,2200,NA,1250,NA,NA
Gwynnda,63,2022,Apr,08,2.83,47,15,2100,140,3600,NA,1200,NA,NA
Gwynnda,64,2022,Apr,16,2.26,38,15,3200,200,5200,NA,2200,NA,NA
Gwynnda,65,2022,Apr,16,2.13,36,15,1050,100,2000,NA,900,NA,NA
Gwynnda,66,2022,Apr,29,2.19,36,15,2700,300,4900,NA,2000,NA,NA
Gwynnda,67,2022,May,07,2.12,35,15,980,140,3500,NA,1050,NA,NA
Gwynnda,68,2022,May,10,3.93,66,15,1400,120,4200,NA,1850,NA,NA
Gwynnda,69,2022,May,10,3.59,60,15,800,220,1900,NA,1000,NA,NA
Gwynnda,70,2022,May,11,3.27,55,15,640,75,900,NA,500,NA,NA
Gwynnda,71,2022,May,12,3.22,54,15,240,40,500,NA,200,NA,NA
Gwynnda,72,2022,May,19,3.39,57,15,2100,380,3600,NA,1300,NA,NA
Gwynnda,73,2022,May,26,2.67,44,15,2800,250,4900,NA,2000,NA,NA
Gwynnda,74,2022,Jun,01,3.68,61,15,1600,360,3200,NA,980,NA,NA
Gwynnda,75,2022,Jun,01,2.95,49,15,1200,98,2100,NA,420,NA,NA
Gwynnda,76,2022,Jun,10,3,50,15,2200,190,3200,NA,1200,NA,NA
Gwynnda,77,2022,Jun,10,2.34,39,15,980,75,1000,NA,560,NA,NA
Gwynnda,78,2022,Jun,11,3.23,54,15,540,100,900,NA,440,NA,NA
Gwynnda,79,2022,Jun,11,3.07,51,15,320,48,980,NA,360,NA,NA
Gwynnda,80,2022,Jun,11,3.74,62,15,270,50,480,NA,200,NA,NA
Gwynnda,81,2022,Jun,13,3.39,57,15,1200,210,1400,NA,360,NA,NA
Gwynnda,82,2022,Jun,13,3.49,58,15,360,40,800,NA,240,NA,NA
Gwynnda,83,2022,Jun,13,3.4,57,15,120,24,480,NA,180,NA,NA
Gwynnda,84,2022,Jun,13,3.69,62,15,480,36,880,NA,200,NA,NA
Gwynnda,85,2022,Jun,14,3.55,59,15,0,0,0,NA,0,NA,NA
Gwynnda,86,2022,Jun,29,1,17,10,2400,200,2700,NA,250,NA,NA
Gwynnda,87,2022,Jul,05,3.23,54,15,3200,400,4900,NA,1600,NA,NA
Gwynnda,88,2022,Jul,05,3.08,51,15,2500,350,3700,NA,1400,NA,NA
Gwynnda,89,2022,Jul,06,3.07,51,15,1800,100,2200,NA,720,NA,NA
Gwynnda,90,2022,Jul,06,3.58,60,15,250,60,1000,NA,240,NA,NA
Gwynnda,91,2022,Jul,07,3.5,58,15,240,50,750,NA,300,NA,NA
Gwynnda,92,2022,Jul,07,3.09,52,15,640,48,1200,NA,420,NA,NA
Gwynnda,93,2022,Jul,07,3.56,59,15,180,36,500,NA,240,NA,NA
Gwynnda,94,2022,Jul,08,3.16,53,15,540,84,480,NA,100,NA,NA
Gwynnda,95,2022,Jul,08,4.18,70,15,0,0,0,NA,0,NA,NA
Gwynnda,96,2022,Jul,08,3.11,52,15,0,0,0,NA,0,NA,NA
Gwynnda,97,2022,Jul,15,2.83,47,15,2800,360,3200,NA,1400,NA,NA
Gwynnda,98,2022,Jul,18,2.82,47,15,1600,220,4000,NA,900,NA,NA
Gwynnda,99,2022,Jul,18,3.32,55,15,980,90,1200,NA,640,NA,NA
Gwynnda,100,2022,Jul,19,3.4,57,15,480,50,980,NA,400,NA,NA
Gwynnda,101,2022,Jul,19,3.68,61,15,720,48,1100,NA,360,NA,NA
Gwynnda,102,2022,Jul,19,3.5,58,15,0,0,0,NA,0,NA,NA
Gwynnda,103,2022,Jul,19,3.51,58,15,360,40,480,NA,200,NA,NA
Gwynnda,104,2022,Jul,21,3.29,55,15,2100,250,3600,NA,950,NA,NA
Gwynnda,105,2022,Jul,26,2.58,43,15,2900,320,4000,NA,1500,NA,NA
Gwynnda,106,2022,Aug,06,2.62,44,15,2100,400,3600,NA,1600,NA,NA
Gwynnda,107,2022,Aug,09,3.37,56,15,1800,160,2800,NA,1000,NA,NA
Gwynnda,108,2022,Sep,01,1.93,32,15,2900,240,3000,NA,1100,NA,NA
Gwynnda,109,2022,Sep,08,2.66,44,15,3200,290,3500,NA,1400,NA,NA
Gwynnda,110,2022,Sep,08,3.01,50,15,1800,160,2800,NA,940,NA,NA
Gwynnda,111,2022,Sep,10,3.78,63,15,1600,100,2100,NA,1200,NA,NA
Gwynnda,112,2022,Sep,14,3.4,57,15,2800,190,3400,NA,1000,NA,NA
Gwynnda,113,2022,Sep,15,3.19,53,15,1200,96,2000,NA,920,NA,NA
Gwynnda,114,2022,Sep,27,3.35,56,15,2100,240,2500,NA,1200,NA,NA
Gwynnda,115,2022,Oct,06,2.86,48,15,2500,180,3200,NA,980,NA,NA
Gwynnda,116,2022,Oct,17,2.87,48,15,1800,210,3900,NA,1400,NA,NA
Gwynnda,117,2022,Nov,03,3.06,51,15,1600,240,2900,NA,200,1600,NA
Gwynnda,118,2022,Nov,15,3,50,15,2100,180,3300,NA,140,1900,NA
Gwynnda,119,2022,Nov,19,2.42,40,15,1200,72,2000,NA,100,1500,NA
Gwynnda,120,2022,Nov,22,2.37,40,15,980,50,1500,NA,80,1000,NA
Gwynnda,121,2022,Nov,30,2.91,49,15,2500,240,2900,NA,160,2100,NA
Gwynnda,122,2022,Dec,13,2.35,39,14,1900,120,3300,NA,210,1800,NA
Gwynnda,123,2022,Dec,17,2.8,47,15,2100,240,4200,NA,250,2200,NA
Gwynnda,124,2022,Dec,17,2.69,45,15,1200,100,2900,NA,150,1400,NA
Gwynnda,125,2022,Dec,19,2.27,38,15,900,50,1600,NA,80,1000,NA
Gwynnda,126,2022,Dec,19,2.5,42,15,800,48,1200,NA,50,1100,NA
Gwynnda,127,2022,Dec,20,2.72,45,15,480,64,1000,NA,64,900,NA
Gwynnda,128,2022,Dec,20,2.74,46,15,720,80,1800,NA,48,880,NA
Gwynnda,129,2022,Dec,23,3.08,51,15,1600,180,3000,NA,120,1400,NA
Gwynnda,130,2022,Dec,30,3.16,53,15,2400,160,3400,NA,200,2100,NA
Gwynnda,131,2022,Dec,30,3.04,51,15,800,72,2000,NA,80,960,NA
Gwynnda,132,2022,Dec,30,3.09,52,15,500,48,800,NA,50,540,NA
Gwynnda,133,2022,Dec,30,3.15,52,15,640,50,1200,NA,36,800,NA
Gwynnda,134,2023,Jan,03,2.48,41,15,900,120,2000,NA,80,1000,NA
Gwynnda,135,2023,Jan,19,3.2,53,15,1400,220,1800,NA,75,900,NA
Gwynnda,136,2023,Jan,30,3.08,51,15,2100,180,2400,NA,100,1100,NA
Gwynnda,137,2023,Feb,21,2.47,41,15,1900,210,2700,NA,150,950,NA
Gwynnda,138,2023,Feb,21,2.69,45,15,960,150,2100,NA,90,1000,NA
Gwynnda,139,2023,Mar,03,2.41,40,15,2400,210,2900,NA,140,1400,NA
Gwynnda,140,2023,Mar,14,2.91,49,15,1800,100,3000,NA,80,1600,NA
Gwynnda,141,2023,Apr,06,2.35,39,15,2700,240,3200,NA,200,1200,NA
Gwynnda,142,2023,Apr,18,3.25,54,15,1500,120,2400,NA,120,1000,NA
Gwynnda,143,2023,Apr,25,3.4,57,15,930,80,1800,NA,64,960,NA
Gwynnda,144,2023,Apr,28,2.81,47,15,2100,200,2700,NA,180,1500,NA
Gwynnda,145,2023,May,01,2.85,48,15,3000,240,3300,NA,270,2000,NA
Gwynnda,146,2023,May,01,3.22,54,15,1600,110,2100,NA,140,1200,NA
Gwynnda,147,2023,May,04,3.44,57,15,1200,5,1800,NA,75,980,NA
Gwynnda,148,2023,Jun,08,1.93,32,15,4100,320,3900,NA,220,2700,NA
Gwynnda,149,2023,Jun,28,2.68,45,15,5400,500,4400,NA,310,2200,NA
Gwynnda,150,2023,Jun,29,2.74,46,15,4400,330,4000,NA,270,3000,NA
Gwynnda,151,2023,Jun,29,3.12,52,15,5000,420,5200,NA,360,2900,NA
Gwynnda,152,2023,Jun,29,3.12,52,15,3400,300,3600,NA,240,2100,NA
Gwynnda,153,2023,Jun,29,3.45,58,15,4900,540,4800,NA,410,3500,NA
Gwynnda,154,2023,Jun,30,2.88,48,15,2500,210,3200,NA,300,2700,NA
